{
    "landingPage": "/?p=4",
    "steps": [
      {
        "step": "installPlugin",
        "pluginZipFile": {
          "resource": "url",
          "url": "https://raw.githubusercontent.com/WordPress/block-development-examples/deploy/zips/stylesheets-79a4c3.zip"
        }
      },
      {
        "step": "login",
        "username": "admin",
        "password": "password"
      },
      {
        "step": "runPHP",
        "code": "<?php require '/wordpress/wp-load.php'; $wpdb->query('delete from wp_posts');"
      },
      {
        "step": "importFile",
        "file": {
          "resource": "url",
          "url": "https://raw.githubusercontent.com/WordPress/block-development-examples/trunk/plugins/stylesheets-79a4c3/_playground/export.xml"
        }
      }
    ]
  }